{
  "train_loss": [
    0.1409629891100137,
    0.1002774134926174,
    0.0889107954242955,
    0.08609930733623712,
    0.07336087800238443,
    0.06858790001791457,
    0.06052570012600526,
    0.05805468170539192,
    0.06588751628347066,
    0.05672987485709398,
    0.0541186363476774,
    0.047617070133919304,
    0.05588102381190528,
    0.047590922402298966,
    0.04788918720315332,
    0.04575422090356764,
    0.04846533663246943,
    0.05288074716277744,
    0.04387461385973122,
    0.04227902181446552,
    0.03982050247166468,
    0.03970776725074519,
    0.040372754082731575,
    0.043741212023989014,
    0.0362848631389763,
    0.03282480022829512,
    0.03427677885021852,
    0.038025888168941376,
    0.03735437649099723,
    0.033081770996036736
  ],
  "val_loss": [
    0.0693983646730582,
    0.06443260113398235,
    0.05707908794283867,
    0.04736588460703691,
    0.0537698605718712,
    0.047696863456318773,
    0.045230637614925705,
    0.062237946006158985,
    0.041532526879260935,
    0.04019943508319557,
    0.04704164216915766,
    0.0617683595046401,
    0.03804056035975615,
    0.04415423143655062,
    0.06087706657126546,
    0.04534014935294787,
    0.0727131594127665,
    0.03454493544995785,
    0.05202590588790675,
    0.05388219701126218,
    0.05676301017714044,
    0.050448854919523,
    0.04793424687037865,
    0.05293895692254106,
    0.051690371707081795,
    0.05483131296932697,
    0.05562287212039033,
    0.05289903345207373,
    0.054025582425917186,
    0.05527234170585871
  ],
  "val_accuracy": [
    0.8562091503267973,
    0.8562091503267973,
    0.8758169934640523,
    0.8823529411764706,
    0.9019607843137255,
    0.9084967320261438,
    0.9084967320261438,
    0.9019607843137255,
    0.934640522875817,
    0.934640522875817,
    0.9215686274509803,
    0.9084967320261438,
    0.9281045751633987,
    0.9281045751633987,
    0.9150326797385621,
    0.954248366013072,
    0.9215686274509803,
    0.9673202614379085,
    0.9411764705882353,
    0.934640522875817,
    0.9477124183006536,
    0.954248366013072,
    0.9411764705882353,
    0.9411764705882353,
    0.954248366013072,
    0.9607843137254902,
    0.954248366013072,
    0.954248366013072,
    0.9477124183006536,
    0.9607843137254902
  ],
  "val_f1": [
    0.8557098765432098,
    0.8554620405358984,
    0.8754765474405655,
    0.8822271638727335,
    0.9016920111372886,
    0.9083989052343482,
    0.9084928229665072,
    0.901944029053621,
    0.9346153846153846,
    0.9346153846153846,
    0.9215652768284347,
    0.9084615384615384,
    0.9280922879726554,
    0.9281045751633987,
    0.9149018097805159,
    0.9542405468916898,
    0.9214847759151557,
    0.96726992683866,
    0.9411664174321726,
    0.9346153846153846,
    0.9477101845522897,
    0.954248366013072,
    0.9411764705882353,
    0.9411764705882353,
    0.9542405468916898,
    0.9607826384142173,
    0.954248366013072,
    0.9542405468916898,
    0.9477101845522897,
    0.9607826384142173
  ],
  "val_auc": [
    0.9174657534246576,
    0.9296232876712329,
    0.9436643835616438,
    0.9570205479452054,
    0.964041095890411,
    0.9720890410958904,
    0.9691780821917808,
    0.966609589041096,
    0.9815068493150685,
    0.9852739726027396,
    0.9758561643835617,
    0.972945205479452,
    0.9821917808219178,
    0.9809931506849314,
    0.9797945205479452,
    0.9827054794520547,
    0.9799657534246575,
    0.9840753424657535,
    0.9818493150684932,
    0.9801369863013699,
    0.9813356164383561,
    0.9815068493150685,
    0.9839041095890411,
    0.9809931506849315,
    0.9815068493150685,
    0.9825342465753425,
    0.9835616438356164,
    0.9815068493150685,
    0.9823630136986301,
    0.9832191780821918
  ]
}