{
  "train_loss": [
    0.21678565442562103,
    0.18023958607860233,
    0.1652902853877648,
    0.15566148835679758,
    0.14522889580415643,
    0.14628964468188907,
    0.13667098853899085,
    0.13626920885365942,
    0.135444231979225,
    0.1369421203499255,
    0.13286295274029608,
    0.13174713273411212,
    0.13214950457863187,
    0.1347317883501882,
    0.13295702603848084,
    0.13299627861251,
    0.13016724132973215,
    0.13050950512937878,
    0.13129717435525812,
    0.13223712891340256,
    0.13001095017661218,
    0.127501018345356,
    0.12754644129587256,
    0.12819806000460748,
    0.1278871958670409,
    0.12701365060132483
  ],
  "val_loss": [
    0.12294394771258037,
    0.12320870657761891,
    0.13287366926670074,
    0.1253733659783999,
    0.13175944487253824,
    0.12685720374186835,
    0.12347169717152913,
    0.12340918183326721,
    0.12702317287524542,
    0.12430013467868169,
    0.1257290169596672,
    0.12187541276216507,
    0.12256451944510142,
    0.1226024478673935,
    0.12277635683616002,
    0.12435387323300044,
    0.12410280108451843,
    0.12206744154294331,
    0.12129432708024979,
    0.12221063921848933,
    0.12412884334723155,
    0.12176864842573802,
    0.12013122936089833,
    0.11749448378880818,
    0.11796967188517253,
    0.12020059178272884
  ],
  "val_accuracy": [
    0.5359477124183006,
    0.5294117647058824,
    0.5294117647058824,
    0.5032679738562091,
    0.5032679738562091,
    0.5098039215686274,
    0.5294117647058824,
    0.6339869281045751,
    0.6405228758169934,
    0.6078431372549019,
    0.6535947712418301,
    0.6078431372549019,
    0.6274509803921569,
    0.5359477124183006,
    0.5751633986928104,
    0.6274509803921569,
    0.5882352941176471,
    0.6339869281045751,
    0.6013071895424836,
    0.5816993464052288,
    0.5686274509803921,
    0.6013071895424836,
    0.6339869281045751,
    0.5751633986928104,
    0.6339869281045751,
    0.5816993464052288
  ],
  "val_f1": [
    0.45806934397605387,
    0.42577147623019185,
    0.3697940503432494,
    0.3764478764478765,
    0.5006870491240124,
    0.3891402714932127,
    0.43333333333333335,
    0.6269592476489028,
    0.6298332820129328,
    0.5987762237762237,
    0.6506698832550726,
    0.5805921052631579,
    0.5970893970893971,
    0.5087505087505088,
    0.5094460612637498,
    0.5970893970893971,
    0.5580265028199367,
    0.6085526315789473,
    0.5616869393697459,
    0.5246601941747573,
    0.5046114599686028,
    0.5616869393697459,
    0.6056701030927836,
    0.5287846481876333,
    0.6056701030927836,
    0.5526315789473684
  ],
  "val_auc": [
    0.6748287671232877,
    0.6907534246575343,
    0.5340753424657534,
    0.6503424657534247,
    0.5066780821917808,
    0.5498287671232877,
    0.7236301369863014,
    0.7068493150684931,
    0.7065068493150684,
    0.6878424657534247,
    0.7114726027397261,
    0.7142123287671233,
    0.7238013698630137,
    0.6821917808219177,
    0.7517123287671232,
    0.751027397260274,
    0.7077054794520549,
    0.7666095890410958,
    0.7616438356164384,
    0.7539383561643835,
    0.7614726027397261,
    0.7767123287671232,
    0.7585616438356164,
    0.7364726027397259,
    0.7345890410958904,
    0.7164383561643836
  ]
}