{
  "train_loss": [
    0.13747975702087084,
    0.10874643598993619,
    0.09402182151873907,
    0.08052026902635892,
    0.07075024209916592,
    0.06875391701857249,
    0.06812588709096114,
    0.0606725733106335,
    0.06053412227580945,
    0.05646725793679555,
    0.06205023328463236,
    0.04742005908240875,
    0.05127413080384334,
    0.056708435093363124,
    0.043731738130251566,
    0.04772550060103337,
    0.042347860833009086,
    0.04139822417249282,
    0.04244217689459522,
    0.04598803808912635,
    0.038018202781677245,
    0.043116797755161924,
    0.040287697097907464,
    0.041378132067620754,
    0.03968031822393338,
    0.042234793429573377,
    0.03865320098896821,
    0.0386059687162439,
    0.04184722065304716,
    0.038365540684511264,
    0.037900519914304216,
    0.040030974273880325,
    0.03927455355102817,
    0.03430184796452522,
    0.037895019600788754,
    0.037282562752564745,
    0.03927761145556966,
    0.03352528704951207,
    0.031215906205276648,
    0.039550339616835115
  ],
  "val_loss": [
    0.08687592018395662,
    0.0650638984516263,
    0.05434056464582682,
    0.051468026358634233,
    0.05007902439683676,
    0.0355228497646749,
    0.03818859893362969,
    0.031234237598255277,
    0.029205879545770586,
    0.02986067277379334,
    0.029834049521014094,
    0.03066234744619578,
    0.03176422056276351,
    0.028272667434066534,
    0.02794241317315027,
    0.02842666214564815,
    0.03028512344462797,
    0.029689239512663335,
    0.024885290244128555,
    0.025058898725546896,
    0.03139080147957429,
    0.03144599299412221,
    0.024043785058893263,
    0.030810789990937337,
    0.029363765905145556,
    0.02642862469656393,
    0.02339284826302901,
    0.02858057414414361,
    0.028216944221640006,
    0.02672912273555994,
    0.026417292712721974,
    0.024377353547606617,
    0.026502922584768385,
    0.025686765904538333,
    0.0295005421503447,
    0.030966528924182057,
    0.02512542309705168,
    0.02711374283535406,
    0.03065795174916275,
    0.024440011417027563
  ],
  "val_accuracy": [
    0.7777777777777778,
    0.8169934640522876,
    0.8627450980392157,
    0.8758169934640523,
    0.8627450980392157,
    0.9281045751633987,
    0.9281045751633987,
    0.9477124183006536,
    0.934640522875817,
    0.9477124183006536,
    0.9477124183006536,
    0.9477124183006536,
    0.9477124183006536,
    0.9411764705882353,
    0.954248366013072,
    0.9411764705882353,
    0.9477124183006536,
    0.9411764705882353,
    0.954248366013072,
    0.9607843137254902,
    0.9477124183006536,
    0.9477124183006536,
    0.9607843137254902,
    0.9477124183006536,
    0.954248366013072,
    0.9607843137254902,
    0.9607843137254902,
    0.9477124183006536,
    0.954248366013072,
    0.954248366013072,
    0.954248366013072,
    0.9673202614379085,
    0.9607843137254902,
    0.9607843137254902,
    0.9477124183006536,
    0.954248366013072,
    0.9607843137254902,
    0.9607843137254902,
    0.9477124183006536,
    0.9607843137254902
  ],
  "val_f1": [
    0.7777682843472318,
    0.8169230769230769,
    0.8623688155922039,
    0.8757957701345866,
    0.8625336927223719,
    0.927993839045052,
    0.9281045751633987,
    0.9477101845522897,
    0.9346377306903623,
    0.9477101845522897,
    0.9477101845522897,
    0.9477101845522897,
    0.9477101845522897,
    0.9411362373359552,
    0.954248366013072,
    0.9411664174321726,
    0.9477101845522897,
    0.9411664174321726,
    0.954248366013072,
    0.9607826384142173,
    0.9477101845522897,
    0.9477101845522897,
    0.9607826384142173,
    0.9477101845522897,
    0.954248366013072,
    0.9607826384142173,
    0.9607826384142173,
    0.9477101845522897,
    0.954248366013072,
    0.954248366013072,
    0.954248366013072,
    0.967314676351207,
    0.9607826384142173,
    0.9607692307692308,
    0.9477101845522897,
    0.954248366013072,
    0.9607826384142173,
    0.9607826384142173,
    0.9477101845522897,
    0.9607826384142173
  ],
  "val_auc": [
    0.8556506849315069,
    0.9160958904109588,
    0.9428082191780822,
    0.9481164383561643,
    0.9544520547945204,
    0.9770547945205479,
    0.9738013698630137,
    0.9796232876712327,
    0.9820205479452055,
    0.9820205479452054,
    0.9820205479452054,
    0.9813356164383562,
    0.9794520547945206,
    0.9825342465753425,
    0.9840753424657535,
    0.984417808219178,
    0.984417808219178,
    0.985445205479452,
    0.9871575342465753,
    0.9868150684931506,
    0.9851027397260275,
    0.9861301369863014,
    0.9857876712328767,
    0.9851027397260274,
    0.9851027397260274,
    0.9861301369863014,
    0.9878424657534246,
    0.9875,
    0.9852739726027396,
    0.9866438356164383,
    0.9871575342465754,
    0.9873287671232877,
    0.9868150684931507,
    0.9859589041095891,
    0.9861301369863014,
    0.986472602739726,
    0.9878424657534246,
    0.9868150684931507,
    0.986472602739726,
    0.9876712328767123
  ]
}